W1,W2,R,t,sigma_max,mass,runtime
0.5549496353,0.1226759970,0.0487549415,0.0123502031,52.083508,39.138312,36.06699991
0.5614021504,0.1772367566,0.0516752511,0.0188437787,43.299828,57.865319,47.89499998
0.5406695138,0.1125589978,0.0454101817,0.0191674490,33.005068,57.982347,44.57700014
0.4419416891,0.1564726979,0.0501165727,0.0143920785,57.762100,26.636453,34.27600002
0.5253800519,0.1917631575,0.0599636538,0.0103848615,83.012376,26.920109,39.60500002
0.5148635325,0.1966089025,0.0500585657,0.0136036881,70.682656,33.345977,41.17899990
0.5918089998,0.1987734363,0.0496788733,0.0164524803,54.349872,55.306194,54.01399994
0.5340795011,0.1443732891,0.0570745992,0.0131719606,51.869024,37.711855,36.74600005
0.5792645315,0.1879528602,0.0511263787,0.0196775627,43.022404,63.921507,44.80400014
0.4399744445,0.1485083448,0.0574348927,0.0129231210,58.411832,24.038189,38.82800007
0.5366619002,0.1914666814,0.0559600063,0.0139932889,62.308108,38.086936,48.59900022
0.5228057360,0.1592874973,0.0447595381,0.0197348830,41.062176,52.939599,36.45599985
0.5809493236,0.1279615121,0.0410783866,0.0163746511,42.331880,56.854312,45.26099992
0.4933322580,0.1146873683,0.0492140685,0.0150681419,42.070672,37.550225,32.30200005
0.4233002568,0.1787510948,0.0442517837,0.0160431713,65.444980,25.583003,26.10299993
0.4825787421,0.1809128538,0.0566744850,0.0120512949,72.428120,26.140397,44.21000004
0.4010481024,0.1617701039,0.0578773858,0.0164463195,53.384680,24.047808,33.71499991
0.4057467842,0.1274301110,0.0450350785,0.0158767892,47.052156,25.519311,26.80900002
0.5656024171,0.1764281669,0.0595174564,0.0173371566,44.312900,54.213729,47.50499988
0.5195589513,0.1203636128,0.0500522083,0.0188256193,34.098840,52.047391,41.15400004
0.5990843141,0.1981640586,0.0415551102,0.0102929903,91.590712,35.572975,55.17000008
0.4943210293,0.1587936194,0.0550723393,0.0194081051,39.596464,46.069377,43.05299997
0.4885918992,0.1015307224,0.0561513943,0.0129087385,44.086332,31.938466,45.35700011
0.5392201780,0.1102101746,0.0472213151,0.0130122867,47.262580,39.221361,41.25499988
0.4392090778,0.1178699896,0.0533480342,0.0163514920,39.637944,31.720554,36.26100016
0.5898929032,0.1965381924,0.0401867690,0.0170832338,55.895044,57.138017,52.48099995
0.5031691013,0.1201253679,0.0483883776,0.0183730575,35.541952,47.474444,47.80500007
0.5967839899,0.1704831337,0.0518430915,0.0140575327,54.782932,49.746303,49.51300001
0.4617455165,0.1912444172,0.0477760959,0.0154235547,66.831140,29.504378,38.43700004
0.4549784415,0.1226258071,0.0478794589,0.0175673057,38.759452,36.514888,42.94499993
0.4350539915,0.1552357932,0.0449939045,0.0190639116,45.498728,34.097128,42.62800002
0.4670300054,0.1432715332,0.0581752279,0.0136136307,52.288096,29.157934,37.96500015
0.5176850699,0.1041676928,0.0507078341,0.0107573271,54.740728,29.939214,50.89299989
0.4324036348,0.1084736980,0.0437745560,0.0135373012,48.647484,25.675792,36.35599995
0.4506722665,0.1067983517,0.0450087001,0.0161483297,39.597704,33.508606,39.65900016
0.4933233005,0.1321448731,0.0502411119,0.0105435493,65.171844,25.785630,40.81700015
0.5281535970,0.1606287776,0.0569175916,0.0122099982,60.914916,33.473348,43.77200007
0.4749659515,0.1092873292,0.0572895257,0.0104949896,56.450044,24.296062,35.48699999
0.4134806532,0.1011576755,0.0510616757,0.0117876068,51.415132,20.533579,32.20800018
0.4876454306,0.1457352382,0.0550695190,0.0131636508,54.752144,30.880204,40.90400004
0.4874216365,0.1315313422,0.0580789436,0.0124230117,52.918392,29.651680,39.46299982
0.4998616891,0.1901252916,0.0427298708,0.0149130116,67.117192,34.484011,35.59100008
0.5695738347,0.1351549032,0.0417717113,0.0177807089,40.294272,58.861919,42.83499980
0.4448600151,0.1269549776,0.0436350898,0.0138009398,52.538624,27.155666,48.83100009
0.5457991724,0.1856247037,0.0493656794,0.0195813766,44.800144,55.822635,36.49399996
0.5486297790,0.1577354997,0.0490382545,0.0160773728,47.445320,48.032860,43.65899992
0.5723326897,0.1574774184,0.0591488930,0.0125717345,55.813572,41.209855,56.06299996
0.4432788873,0.1680763988,0.0454925316,0.0131172795,70.789384,23.897831,34.10299993
0.5185685500,0.1402493696,0.0524344002,0.0123079796,56.714364,33.209409,38.86100006
0.5366297714,0.1858566924,0.0424217098,0.0170762128,54.784524,46.809349,50.63100004
0.5927400057,0.1964550187,0.0579708756,0.0101729788,81.739112,34.440083,39.52199984
0.4234794265,0.1071580235,0.0518382640,0.0110130308,56.428172,20.033028,51.72799993
0.5819471470,0.1492863771,0.0515865761,0.0190269752,37.230904,65.129893,116.95700002
0.5871634112,0.1862110571,0.0445578925,0.0182553311,48.243032,61.219869,72.46799994
0.4169700952,0.1519014289,0.0516111170,0.0124903567,66.434252,20.418059,24.15599990
0.4922973920,0.1331776678,0.0588448934,0.0199682445,32.941206,48.601234,41.09400010
0.5102784751,0.1005417700,0.0550380784,0.0107123388,52.715360,29.030394,43.31700015
0.4054980375,0.1830294197,0.0518873605,0.0131481742,81.313296,18.673983,36.65400004
0.4618405852,0.1951018306,0.0537613300,0.0118011974,85.727536,22.412886,28.68299985
0.4889162059,0.1658187614,0.0468134161,0.0128291041,66.448120,29.375386,40.76300001
0.4035443131,0.1779224892,0.0578247035,0.0183023959,54.074664,26.073940,29.81700015
0.5198543654,0.1229257700,0.0440244014,0.0140658777,47.948796,38.821548,42.61100006
0.5756678366,0.1292326374,0.0574325778,0.0157737023,39.629472,53.730320,45.19900012
0.5940681157,0.1009544476,0.0480092982,0.0138913582,41.537820,51.492117,64.15100002
0.5849245391,0.1022509156,0.0537770396,0.0188369660,29.792556,67.603282,56.73300004
0.5031971200,0.1318497798,0.0493637492,0.0166676041,41.115836,42.544657,38.65599990
0.4652615774,0.1283160948,0.0534362001,0.0132147869,51.008076,28.631869,42.76999998
0.4737592438,0.1397883104,0.0579376159,0.0128769416,53.801132,28.596804,37.33699989
0.5577399782,0.1590697404,0.0412213869,0.0110770352,73.271800,34.230939,53.95899987
0.5661653614,0.1574647609,0.0420072988,0.0115746303,68.773216,37.017623,47.42100000
0.5763923710,0.1610556651,0.0575909457,0.0155884889,46.170892,51.685364,46.37899995
0.4073138166,0.1676235747,0.0539421529,0.0118842170,78.054728,17.767597,38.88999987
0.4193758416,0.1959227566,0.0572338115,0.0173585969,63.351604,25.907499,27.63000011
0.5092705815,0.1764646473,0.0583592519,0.0195236562,41.885340,48.274867,37.40100002
0.5981464607,0.1956895728,0.0517139589,0.0192996019,44.578644,66.711659,45.79999995
0.4566156570,0.1846615702,0.0473228418,0.0154866516,64.487088,29.249459,26.91300011
0.4380983034,0.1046391237,0.0473627057,0.0168449129,37.059284,33.012517,36.83400011
0.4009498836,0.1323965788,0.0491500173,0.0129028809,58.534736,20.031775,32.99699998
0.5845184931,0.1470583522,0.0573173391,0.0153774610,43.689012,53.267524,41.20499992
0.4389384038,0.1830931505,0.0551039039,0.0171840633,56.180884,29.656099,43.78500009
0.4573216889,0.1422803854,0.0478964072,0.0108229287,70.415520,22.137550,31.19299984
0.4127640631,0.1747094813,0.0525271942,0.0183929488,53.114328,27.898114,33.02600002
0.4300681551,0.1068589425,0.0565263841,0.0189659393,31.719340,35.686980,32.30299997
0.4178253312,0.1468362243,0.0515028827,0.0110274779,72.427256,18.291639,27.77500010
0.5876748552,0.1255365964,0.0497422180,0.0168733577,38.069472,60.160936,47.39300013
0.4464585725,0.1374882050,0.0583541168,0.0163559580,42.865980,31.999656,32.95000005
0.5346086506,0.1850410137,0.0585993168,0.0193962590,42.709320,52.852362,38.28199983
0.4671137145,0.1699774568,0.0538799576,0.0178050481,47.846116,36.521707,43.81200004
0.4245179959,0.1449400469,0.0530533225,0.0144829246,53.502356,24.997078,34.70499992
0.5431180976,0.1729965110,0.0418611162,0.0117942830,74.125616,33.809442,39.81100011
0.4607680910,0.1265298880,0.0409570392,0.0172888892,42.353796,36.719872,32.39199996
0.5584994730,0.1337646520,0.0449164744,0.0167537129,41.637056,53.279918,44.85899997
0.4975279670,0.1851220130,0.0543674151,0.0183969787,48.494688,42.498879,37.89900017
0.4911725123,0.1869189897,0.0490740515,0.0106268641,89.003672,23.737740,35.91300011
0.5542326662,0.1037583431,0.0565459438,0.0128319463,43.816392,41.172810,41.22499990
0.5759345460,0.1445542731,0.0412501160,0.0131881181,56.838200,44.320439,51.43900013
0.4182317447,0.1114420081,0.0517152848,0.0159361742,40.074872,28.066505,29.18200016
0.4225651139,0.1496691018,0.0592543788,0.0131582152,58.715620,22.298837,31.48900008
0.4861750579,0.1285766810,0.0402295296,0.0133297982,55.035036,31.697735,38.72700000
0.4547855886,0.1668499026,0.0431269482,0.0159422738,57.929056,30.886785,39.55800009
0.4296942498,0.1109794378,0.0412545018,0.0111967662,60.801768,20.882062,31.76999998
0.5035400898,0.1961752862,0.0545813891,0.0137503098,68.558504,32.033242,35.09400010
0.4513237100,0.1064885154,0.0510804184,0.0145803860,41.948240,30.377693,35.65599990
0.4407114626,0.1503215976,0.0449153148,0.0175812172,47.473032,32.670821,29.61700010
0.4110918081,0.1566598107,0.0592365172,0.0176205836,46.670736,27.633266,33.74200010
0.4916280245,0.1908483793,0.0410410277,0.0157771619,65.367564,35.039088,32.58100009
0.4850054327,0.1089687655,0.0475095149,0.0136774164,45.632536,33.064840,43.11999989
0.5981638387,0.1407565101,0.0498539886,0.0102524359,66.474460,37.483176,50.05900002
0.4979466509,0.1453333586,0.0536650491,0.0109901379,65.422616,26.996492,33.77899981
0.5216329166,0.1640256069,0.0416523375,0.0166337502,51.238264,44.115088,36.78999996
0.4564591086,0.1924492085,0.0523196630,0.0154426692,65.823960,28.670568,32.89100003
0.5908029527,0.1471035932,0.0430006227,0.0147254598,50.555500,52.132532,48.54500008
0.4250191356,0.1390135252,0.0419437199,0.0105190857,77.004424,18.369434,33.65000010
0.5341366635,0.1652388424,0.0537254020,0.0182285762,42.465620,50.913677,35.55800009
0.4356559939,0.1841722984,0.0409448725,0.0168238079,64.966452,28.387720,32.45599985
0.4949365674,0.1839959384,0.0469823911,0.0176393744,53.226156,40.307366,34.43599987
0.4548682952,0.1948490860,0.0465180543,0.0161364057,67.027292,29.522467,29.01900005
0.5669794252,0.1522530772,0.0461111877,0.0102053164,73.541872,32.926457,47.20900011
0.4375048207,0.1379550601,0.0538880717,0.0156784785,46.389884,29.294018,33.88599992
0.5466448466,0.1522282260,0.0414059448,0.0139724592,56.480900,41.651382,40.70300007
0.5301348410,0.1558986831,0.0551959307,0.0181246258,40.499852,50.383513,44.58900023
0.4319412600,0.1157590407,0.0442288340,0.0112504177,60.572144,21.092320,31.76900005
0.4771748032,0.1046183527,0.0562003203,0.0145863133,39.786096,34.252003,41.08399987
0.4512157695,0.1983192026,0.0448157746,0.0162427330,69.896944,28.891254,37.80200005
0.5610989920,0.1320003255,0.0421447014,0.0116346105,60.703564,37.418338,41.78699994
0.5747134036,0.1727344914,0.0583672084,0.0112017664,67.291240,36.437614,48.40100002
0.5617103897,0.1015956476,0.0429937447,0.0189097016,32.040070,62.409779,51.86399984
0.4821449593,0.1611604797,0.0484586218,0.0149739544,55.145332,33.474963,37.11100006
0.4829086209,0.1165221932,0.0453630660,0.0114845102,57.288716,27.295249,32.91200018
0.5049988407,0.1370660571,0.0440145774,0.0164348113,44.723884,42.004858,33.78400016
0.4875541421,0.1380147438,0.0456421994,0.0118324391,62.146872,27.999891,31.22900009
0.5621865469,0.1585851058,0.0476890573,0.0168608731,45.469324,53.061832,46.09500003
0.5488211881,0.1215081479,0.0471020739,0.0137537074,47.127628,42.618601,42.34200001
0.5868243895,0.1869639536,0.0494210223,0.0101450452,83.852048,33.958105,56.30100012
0.5672426812,0.1558763388,0.0502536171,0.0184374540,40.091428,59.340852,50.75499988
0.5418879893,0.1066750948,0.0503230371,0.0156459709,37.951120,47.787645,49.08999991
0.5062812644,0.1799661819,0.0566211469,0.0185923790,45.443460,45.103358,38.16199994
0.5707551987,0.1337443885,0.0437139317,0.0170240589,40.965772,56.681049,48.05399990
0.5595399481,0.1435520864,0.0539211153,0.0101015569,67.752368,31.976462,42.24699998
0.5106182828,0.1035823339,0.0518866825,0.0148053092,39.507696,40.066993,39.84100008
0.4562435715,0.1930879461,0.0407696792,0.0181939437,61.451160,33.646151,36.58800006
0.4903477090,0.1679605584,0.0412895472,0.0170187691,52.916160,39.075718,39.68700004
0.4963345019,0.1722118176,0.0559598918,0.0121386161,67.620064,28.495656,42.38599992
0.5961746405,0.1668656112,0.0499884730,0.0169880979,45.194280,60.199981,42.01999998
0.4761122577,0.1289316391,0.0465665091,0.0132911524,52.799308,30.219675,40.45099998
0.4766323989,0.1055331089,0.0428528180,0.0112311247,56.546544,26.252767,33.66299987
0.4149451455,0.1558316110,0.0480736539,0.0151808178,57.716264,24.329280,42.00300002
0.4596295401,0.1173633917,0.0572450286,0.0183538384,33.994232,39.285192,25.26400018
0.5793748343,0.1774171442,0.0409162742,0.0124780915,70.021168,41.043218,50.13599992
0.5921545213,0.1474161003,0.0429118439,0.0121899530,61.022828,43.354238,43.66400003
0.5568708359,0.1520232656,0.0542623584,0.0190290821,37.409612,59.111180,41.91100001
0.5801026437,0.1657718932,0.0455238466,0.0150997127,52.870888,50.469609,46.04299998
0.4909203564,0.1278147809,0.0403151160,0.0141502664,51.372984,34.387436,42.85800004
0.5758617038,0.1257666090,0.0580109908,0.0138786978,44.144340,47.443411,46.69900012
0.5277196792,0.1323688837,0.0447974883,0.0131987950,53.348504,37.261384,42.77399993
0.4615037458,0.1152702371,0.0497663102,0.0146733469,43.943184,31.730875,41.37300014
0.4260154738,0.1437436626,0.0430311494,0.0166015485,49.660152,28.906992,31.48399997
0.5731909245,0.1795643110,0.0508474915,0.0145003456,56.684388,46.489281,41.50600004
0.5140629955,0.1352465659,0.0423302979,0.0198197988,37.024676,52.732945,38.58200002
0.4253959470,0.1819847938,0.0484693491,0.0128254204,80.696328,20.548273,33.43000007
0.4169845132,0.1554384169,0.0540883235,0.0194187092,42.945636,31.530204,25.11699986
0.4766981282,0.1996413218,0.0473874729,0.0109442312,97.080328,22.205370,39.91200018
0.5470724328,0.1157224078,0.0434180489,0.0106677075,60.606720,32.985108,41.00899982
0.4124691874,0.1526667183,0.0598471104,0.0161711525,49.203476,25.776773,35.83299994
0.5144433549,0.1058021213,0.0521607823,0.0175914318,33.482832,48.264748,40.18599987
0.4886069220,0.1898861101,0.0514532743,0.0196693585,48.333428,43.175813,36.35699987
0.5003360448,0.1206983001,0.0419293602,0.0154606284,44.449328,39.430322,38.86899996
0.5579694908,0.1381535288,0.0464175689,0.0149750629,46.979632,47.339530,44.37500000
0.4877259123,0.1762953781,0.0563776540,0.0168872448,50.046056,37.840413,44.02200007
0.4823319702,0.1493182428,0.0415255419,0.0174803159,46.702704,39.780952,42.73499990
0.4416277236,0.1688940631,0.0521496257,0.0181869277,49.033148,32.820302,31.37199998
0.4074022878,0.1653133653,0.0447161146,0.0153122559,63.804780,22.999528,25.94700003
0.4653485242,0.1839134436,0.0448841594,0.0124950104,79.935952,24.716383,33.10399985
0.5578089023,0.1698696558,0.0573328243,0.0149197550,50.992300,45.600816,43.50200009
0.5565950208,0.1080829550,0.0568763631,0.0147431249,38.819324,47.578296,44.97000003
0.5045380955,0.1725445764,0.0580268243,0.0147126275,54.575824,35.832666,39.11899996
0.5058379841,0.1369770634,0.0460012715,0.0162168270,44.613960,41.607278,40.41599989
0.4891277830,0.1699952627,0.0599429091,0.0172798062,46.156424,39.399374,40.38299990
0.5387591649,0.1599526078,0.0591272716,0.0163767039,44.315916,46.945624,40.20499992
0.5435564340,0.1744801055,0.0505866734,0.0141436438,58.212884,40.564567,38.13199997
0.5969009929,0.1982534783,0.0413910670,0.0196039803,48.287572,67.191140,45.08899999
0.5290095462,0.1524970325,0.0471074697,0.0180365468,42.337576,50.076261,43.31900001
0.5736878293,0.1960538466,0.0430413365,0.0167580887,56.464008,52.681470,44.98200011
0.5189676186,0.1998927747,0.0466441428,0.0134912925,74.025448,33.488645,39.93199992
0.4125796504,0.1427709915,0.0543987610,0.0137955235,55.810340,22.419291,24.39400005
0.4482072395,0.1552693754,0.0586415493,0.0116958354,66.160760,22.423333,32.75900006
0.5380647688,0.1857148103,0.0503798626,0.0119529315,73.183472,32.991748,40.77200007
0.4549834336,0.1811955601,0.0539471082,0.0142511703,65.431912,26.904337,39.43099999
0.5803143014,0.1814064794,0.0549299036,0.0136588510,58.661516,44.919072,38.76699996
0.4214528458,0.1377181417,0.0586047741,0.0134960485,53.336656,23.232736,38.89100003
0.4465936940,0.1481742559,0.0574545163,0.0161206456,46.382092,31.024927,25.86100006
0.4297896222,0.1231510416,0.0498207981,0.0118252835,58.353380,21.722154,34.63700008
0.4733344002,0.1307620886,0.0422660297,0.0109694934,67.104752,24.562506,32.09200001
0.5334595875,0.1698063940,0.0587134285,0.0195904297,39.133240,54.266173,53.22000003
0.4669802794,0.1785526263,0.0480509209,0.0111843981,83.937496,22.549965,29.04499984
0.5957927296,0.1515832212,0.0535297900,0.0163948547,42.655452,58.892769,52.76600003
0.4870504430,0.1412797400,0.0418957121,0.0144791040,53.483808,34.032502,40.21000004
0.4546485576,0.1154633511,0.0453107636,0.0183374250,36.246180,38.383760,36.17199993
0.4768786423,0.1981247898,0.0558934749,0.0190297110,52.006864,38.808557,33.44400001
0.5954402727,0.1609693599,0.0433014496,0.0109967307,71.652896,39.078377,46.19199991
0.5029274054,0.1916899767,0.0558058025,0.0121317546,74.915728,28.413540,40.52699995
0.5509750618,0.1949168944,0.0551572387,0.0157286936,55.828500,45.225108,39.66299987
0.5229514924,0.1078833057,0.0452947369,0.0157776759,39.366104,44.692178,38.61199999
0.4698426674,0.1478284342,0.0491476217,0.0111606048,69.032936,24.036665,34.60500002
0.5717845505,0.1081664411,0.0524583601,0.0105263680,55.544364,35.904852,42.31500006
0.4626844243,0.1254124036,0.0556883926,0.0107852784,60.645212,23.181366,37.66499996
0.5143408796,0.1389267389,0.0404553700,0.0136164265,55.734396,36.116876,38.46499991
0.5945964512,0.1211125821,0.0595560346,0.0179006811,33.025478,65.661289,43.37199998
0.5783019791,0.1189039047,0.0484690715,0.0171638549,36.701180,59.466429,52.96899986
0.5286546862,0.1569624933,0.0521267564,0.0141753145,53.060360,39.103371,45.38899994
0.4558430264,0.1859062739,0.0467266358,0.0149563672,67.757176,28.057592,28.89499998
0.4770731639,0.1860048566,0.0498037128,0.0146492251,65.240480,30.619219,33.26699996
0.4589655410,0.1557205655,0.0467553586,0.0162359004,51.210712,32.767160,37.96800017
0.5426292210,0.1815456656,0.0426995881,0.0121784795,74.485240,34.444300,40.62399983
0.5088261459,0.1027403476,0.0571486452,0.0169727780,33.307886,45.652241,42.72000003
0.4466304807,0.1239795924,0.0419991315,0.0143750798,50.303300,28.641671,35.63800001
0.4801692367,0.1771995808,0.0506088305,0.0132310052,67.769600,28.537882,33.57500005
0.5157624142,0.1616890378,0.0511978353,0.0158989988,49.490332,41.284047,32.65700006
0.4761518339,0.1750372467,0.0498994522,0.0122773146,72.806008,26.070415,32.20299983
0.4367626695,0.1545734993,0.0530838732,0.0186685158,43.409532,33.765980,28.74399996
0.5421164181,0.1199471283,0.0415706213,0.0142591792,47.255508,43.100316,53.17500019
0.5709928953,0.1267517562,0.0557684851,0.0152481308,40.988944,51.155201,49.33900023
0.5887235244,0.1806125181,0.0480433407,0.0168737600,49.367128,57.307918,47.27300000
0.5863978303,0.1198681534,0.0539003708,0.0140461139,43.327460,50.078176,47.03399992
0.4428745629,0.1644939249,0.0485547326,0.0137467518,64.472120,25.177507,30.33999991
0.4974167781,0.1218097959,0.0582008322,0.0147526691,42.104380,37.173447,35.11000013
0.4339373350,0.1362285466,0.0565734267,0.0124669727,57.168488,22.947290,33.56299996
0.5996785207,0.1129027459,0.0528388951,0.0194050777,30.475060,72.820227,52.49900007
0.5853860480,0.1778997455,0.0540989954,0.0146212515,53.975072,49.213540,50.08899999
0.4314985398,0.1390397956,0.0450289891,0.0121675965,64.516176,21.984119,30.82100010
0.4025088397,0.1351215521,0.0463276197,0.0126614425,61.801016,19.720629,30.54699993
0.4521021296,0.1467273966,0.0434115742,0.0112217708,72.617344,22.211653,33.02799988
0.4041662770,0.1108600714,0.0596946542,0.0116009808,53.116260,19.022263,32.22199988
0.4950863831,0.1255504444,0.0594508770,0.0159037874,39.573888,39.523232,33.51500010
0.4684272380,0.1629844966,0.0404232228,0.0159339164,56.780764,33.248931,34.99799991
0.4045406754,0.1562171613,0.0413185726,0.0154506505,61.211492,23.297262,36.11799979
0.4233915975,0.1058752303,0.0482163131,0.0111750818,56.441244,20.342423,28.00600004
0.5596640460,0.1120891302,0.0464768293,0.0157981044,39.235736,51.377538,47.27300000
0.4455642387,0.1774913215,0.0413529972,0.0138618848,73.581552,25.059877,28.19300008
0.4958436143,0.1957811184,0.0565825506,0.0127331202,73.804176,28.633620,31.24400020
0.5370406568,0.1226028955,0.0496713406,0.0178476895,36.163956,52.797664,44.03999996
0.5652782207,0.1551348474,0.0592065210,0.0109197383,63.787976,34.934744,48.78999996
0.4021941181,0.1404223515,0.0471762325,0.0102238049,78.965496,15.736566,27.57300019
0.5761008704,0.1926963183,0.0518785417,0.0117306438,73.919408,37.416642,42.74900007
0.5086106092,0.1981354022,0.0522763817,0.0169519536,56.616348,40.280329,32.05100012
0.5708113677,0.1274454998,0.0518513720,0.0119455052,53.781456,40.014223,39.82999992
0.5825881391,0.1936649045,0.0463458023,0.0182575072,49.367820,59.620419,42.43600011
0.5956748120,0.1514021461,0.0488404196,0.0192977251,37.428324,69.280995,50.62700009
0.4430703355,0.1383664935,0.0454139801,0.0195507255,39.421556,37.501679,38.45199990
0.5897444439,0.1122314638,0.0403402799,0.0175935125,36.696224,63.758183,44.75300002
0.4744184339,0.1722240422,0.0446873703,0.0133202579,68.800528,28.173345,36.32300019
0.5864880785,0.1035085075,0.0463246266,0.0102068564,57.895064,36.786732,59.09099984
0.5648035542,0.1255342004,0.0521745926,0.0190181821,33.480866,62.405251,47.18700004
0.4461592703,0.1150836556,0.0576996838,0.0142247868,43.584912,28.655915,37.44000006
0.5592612823,0.1105110245,0.0475885597,0.0134001703,45.564748,43.568003,46.72000003
0.4360044911,0.1222996794,0.0448049765,0.0129739736,54.254700,24.601170,38.54099989
0.5344611920,0.1250292851,0.0550742152,0.0117394373,53.758884,34.316812,47.41100001
0.5376992914,0.1294001850,0.0582701036,0.0176904670,35.749072,52.178592,43.19199991
0.5473870900,0.1420478285,0.0485722399,0.0144980831,48.954280,43.836150,50.54900002
0.4365508248,0.1835245579,0.0525546189,0.0171158715,57.892448,29.111895,38.66699982
0.5551403943,0.1741098624,0.0446036550,0.0194341377,43.836720,58.410670,38.46699977
0.4402479075,0.1423671013,0.0536338586,0.0115538577,64.585980,21.732867,31.16700006
0.5767962104,0.1140931045,0.0417288768,0.0109001571,59.302620,37.676866,42.63599992
0.4844297894,0.1420778058,0.0594074110,0.0183517604,37.639836,42.661049,32.36899996
0.5083590805,0.1110668012,0.0574930587,0.0134890198,43.604392,35.954534,36.97199988
0.5790261894,0.1655802503,0.0488668416,0.0163074014,47.680580,54.309571,48.52400017
0.4145578734,0.1973958427,0.0532679465,0.0198782401,58.419992,28.660884,29.69700003
0.4310766913,0.1373236517,0.0451362614,0.0100134968,77.599680,18.104308,25.84699988
0.4704936610,0.1477670705,0.0428263771,0.0141860756,57.046376,30.630092,39.75899982
0.5552710373,0.1560039529,0.0459839024,0.0126382365,61.048972,38.824393,39.69700003
0.5446172729,0.1601562040,0.0405917100,0.0128729303,64.272496,37.719808,48.02300000
0.4967313761,0.1630896745,0.0540360947,0.0128204194,61.655920,30.567991,40.40400004
0.4766400944,0.1933281830,0.0494681807,0.0135825944,73.970728,27.920647,32.34800005
0.5138344615,0.1842020473,0.0553428667,0.0119401127,72.376120,29.756309,40.32399988
0.5746394770,0.1490246231,0.0570365403,0.0141242121,48.279280,47.089608,49.85999990
0.5610096244,0.1800604625,0.0563606371,0.0164264667,48.779260,50.204383,46.69500017
0.5332418986,0.1678188580,0.0469317646,0.0191768680,42.983568,53.156159,36.03600001
0.5931621947,0.1925676393,0.0569283465,0.0138293746,59.430952,47.115428,45.85399985
0.5276291496,0.1788856545,0.0524009921,0.0105643181,79.653968,28.179288,39.61999989
0.4290467363,0.1444578666,0.0493119859,0.0190806406,41.253760,33.740995,25.53999996
0.5982334705,0.1142767181,0.0591764226,0.0104781457,54.802112,39.106710,56.61799979
0.5109869060,0.1252887475,0.0581229890,0.0118929413,52.868548,31.614549,42.40400004
0.4602843126,0.1268846207,0.0461664008,0.0155785376,45.183348,33.013550,37.17499995
0.4720264509,0.1245661990,0.0531158559,0.0185985090,35.406524,41.759140,40.00999999
0.5279066087,0.1837389960,0.0543601161,0.0107984726,79.069744,28.638012,39.19199991
0.5503192900,0.1565034251,0.0445345528,0.0172623906,45.463644,51.974696,44.32399988
0.4636213308,0.1758323311,0.0495758007,0.0182693488,50.220816,36.414390,33.80599999
0.5891172902,0.1745992800,0.0573940989,0.0123804850,61.163700,42.423426,46.42200017
0.4405014248,0.1749238073,0.0554449111,0.0119656030,75.851656,21.206771,30.83599997
0.4677389539,0.1921589712,0.0430913106,0.0176569982,60.387396,34.754869,33.96999979
0.4569188739,0.1451939116,0.0508353164,0.0168614567,44.947116,34.280694,38.41499996
0.5050690905,0.1133280522,0.0509721882,0.0104900648,59.092912,27.508500,38.75000000
0.5651917793,0.1196998193,0.0599779780,0.0147512243,40.103000,48.731637,40.43199992
0.5289030842,0.1584076318,0.0407336558,0.0153670358,53.941820,42.321077,45.78200006
0.5154214997,0.1562904529,0.0425090569,0.0189497996,43.108536,49.449509,43.94400001
0.5470479992,0.1517757226,0.0459295204,0.0108479995,70.029480,32.415191,46.62799978
0.4773276574,0.1654304216,0.0418323949,0.0137146435,65.423516,29.749532,37.08800006
0.4227167253,0.1022254164,0.0473859365,0.0148744544,41.705452,27.104077,33.09600019
0.5163361526,0.1488664993,0.0535025909,0.0131752860,54.845564,34.869788,43.89000010
0.5505835167,0.1164478330,0.0433657186,0.0101061935,64.563696,31.651036,47.69499993
0.4737676857,0.1272267422,0.0588375654,0.0139914679,46.030816,31.583369,35.72799993
0.4528929466,0.1093483629,0.0516216561,0.0119993867,51.573504,25.105714,31.88400006
0.5882740154,0.1320468251,0.0508000523,0.0115693158,56.491004,41.131054,45.29200006
0.4271211405,0.1585530431,0.0503137645,0.0103804232,83.070656,17.694842,25.46099997
0.5187781242,0.1778496422,0.0568955496,0.0152200381,53.838764,39.153629,34.14199996
0.5015872270,0.1937293852,0.0464634032,0.0166721998,59.363736,38.626773,40.43500018
0.4241007597,0.1119426347,0.0556982891,0.0171898400,36.208252,31.188514,30.85200000
0.5780393903,0.1920975854,0.0443147286,0.0112884296,80.988056,36.287949,48.52399993
0.5061125955,0.1709756250,0.0563473026,0.0123662384,65.033484,30.397024,36.65600014
0.5415909082,0.1557063961,0.0526809636,0.0195155211,37.860892,56.838088,44.69900012
0.5066587886,0.1005278735,0.0446528615,0.0107489466,56.251116,28.676811,39.36299992
0.5181316719,0.1643807539,0.0525705893,0.0137718774,57.171768,35.999010,45.86699986
0.5313622517,0.1256261931,0.0529967515,0.0131238430,48.917464,37.867534,41.32399988
0.4394061795,0.1308151287,0.0548372733,0.0137251537,50.476908,26.179272,33.62600017
0.5336950522,0.1145441707,0.0470933513,0.0118824340,53.194944,34.929705,39.79399991
0.5220725193,0.1804367081,0.0586030503,0.0127660529,64.176640,33.191542,39.14300013
0.4365116356,0.1348905263,0.0401608096,0.0114306615,69.187616,21.319159,23.68299985
0.5177882831,0.1359620388,0.0465916166,0.0133315076,53.229184,36.007292,37.56700015
0.4207014027,0.1294676700,0.0541448437,0.0163596438,42.930184,28.420871,30.84800005
0.4692454222,0.1833199420,0.0535911436,0.0128931166,71.760032,26.066983,32.83400011
0.5224939193,0.1109424493,0.0431109936,0.0197998591,32.428864,55.831199,46.34799981
0.5109092389,0.1117891582,0.0536605424,0.0108803096,55.352604,29.276881,43.38800001
0.4086515559,0.1402566266,0.0534238323,0.0105911987,72.296408,16.921728,35.96200013
0.5490549021,0.1100500557,0.0418847658,0.0167011654,38.229572,52.258764,44.05699992
0.4616778517,0.1782537547,0.0509198866,0.0160414806,57.700460,31.518741,39.69499993
0.5452779414,0.1043771917,0.0543493316,0.0191470662,29.852940,59.362171,43.38599992
0.5024348296,0.1819450327,0.0596829811,0.0116887680,71.930160,27.785287,36.93599987
0.5082824103,0.1557301880,0.0439595195,0.0133503856,60.700416,33.813179,46.51800013
0.4794709524,0.1514969687,0.0422724045,0.0193421512,42.565508,43.309109,30.19100022
0.5515128453,0.1729494136,0.0589196430,0.0143686648,53.360844,42.674921,41.48099995
0.5810772992,0.1545635170,0.0461496687,0.0106576784,70.594920,36.167412,45.05299997
0.5741802654,0.1722573957,0.0494865466,0.0173778198,46.079564,56.404716,57.05000019
0.4368524841,0.1195808096,0.0425061704,0.0161082715,43.836544,30.780091,35.54600000
0.4984770282,0.1607480108,0.0517281629,0.0135348066,58.590804,32.628460,33.89899993
0.4357975486,0.1473276702,0.0401569365,0.0140085391,61.170612,25.501836,25.82399988
0.5037592007,0.1836115635,0.0449578577,0.0182561771,51.597700,43.474054,38.12500000
0.5287929489,0.1199288528,0.0575527423,0.0138113932,44.123968,39.669895,45.78900003
0.5694374580,0.1816635776,0.0590699863,0.0113062397,69.672992,35.656110,48.70400000
0.4012207330,0.1208302307,0.0528044834,0.0135250583,50.586684,21.468951,31.64300013
0.4198692237,0.1060487825,0.0537027378,0.0100891202,60.633116,18.051025,35.87000012
0.5441631490,0.1590449671,0.0560588497,0.0164872729,44.448860,48.342671,39.03799987
0.5424521913,0.1185502364,0.0438839312,0.0130614259,50.429108,39.584295,46.26499987
0.5285305024,0.1301423833,0.0497608109,0.0175787042,38.057816,49.918939,45.39299989
0.5938214974,0.1340373610,0.0596641836,0.0133988250,46.655336,48.538001,49.42599988
0.5399771600,0.1709009845,0.0479241351,0.0115132612,71.803688,32.684992,40.56099987
0.4422768086,0.1310563477,0.0524737175,0.0173376921,40.488804,33.521704,83.23300004
0.4023403225,0.1717385004,0.0561871505,0.0184771355,51.522620,26.552754,34.87500000
0.5008977761,0.1783066742,0.0582066076,0.0166192581,50.246480,39.457272,41.85899997
0.5669463584,0.1393628100,0.0455075474,0.0147218184,48.371152,48.088327,47.05900002
0.5736273311,0.1971024791,0.0409173468,0.0186281914,51.819464,58.455801,44.61300015
0.4611019199,0.1008653013,0.0503753086,0.0104840848,56.554408,22.983695,40.14000010
0.4817364414,0.1134450278,0.0550967675,0.0113102600,53.969412,26.855061,43.01199985
0.4710467009,0.1902295006,0.0413079899,0.0106530732,99.568816,21.407247,38.44500017
0.5436124879,0.1988982375,0.0462831477,0.0100633658,95.785144,27.868160,40.75300002
0.4692820737,0.1794383031,0.0562348716,0.0174383555,50.905224,35.539840,30.72700000
0.5504691727,0.1309150021,0.0453547151,0.0159377880,43.197732,49.283552,47.78299999
0.4074406017,0.1130137987,0.0521192756,0.0133808741,48.609080,22.228866,29.19899988
0.5799157948,0.1905644744,0.0413656652,0.0132121668,70.119528,42.858036,48.30200005
0.5346581162,0.1575902813,0.0557874108,0.0176096845,41.601708,49.769881,36.18400002
0.4875843986,0.1131094416,0.0452998341,0.0126411719,51.278364,30.770634,32.51100016
0.5929980957,0.1179282923,0.0408893973,0.0148926203,44.289376,54.379858,53.89600015
0.4037386283,0.1993921030,0.0454697563,0.0181158569,71.681280,24.200369,29.73000002
0.5466076235,0.1055500053,0.0584897093,0.0109626453,51.315632,34.142404,45.69000006
0.5954071912,0.1151627423,0.0420693630,0.0120607818,53.478388,44.499128,47.49799991
0.4476464100,0.1339390208,0.0526551510,0.0186623792,38.043244,36.892921,34.33299994
0.5203879508,0.1871108945,0.0561439430,0.0105940854,81.863920,27.055933,35.15699983
0.4632210877,0.1343299705,0.0477696316,0.0171988580,42.115152,36.595809,32.79200006
0.4611308185,0.1835375423,0.0582911426,0.0187625094,48.606448,36.410445,34.50999999
0.5541128394,0.1537580832,0.0590635745,0.0167077817,41.757536,51.272837,53.30900002
0.5439193791,0.1718576654,0.0499284491,0.0175901203,46.211532,50.694034,42.62500000
0.4235731946,0.1504287542,0.0462452365,0.0112183885,75.303672,19.051510,37.17599988
0.5526044790,0.1546242375,0.0471220930,0.0155723808,48.818952,47.417081,44.20200014
0.4239264171,0.1713115101,0.0542813760,0.0130220673,70.641600,21.236147,32.45400000
0.4599419364,0.1317749672,0.0445925290,0.0160793017,45.489020,33.795054,37.87500000
0.4466365590,0.1057152659,0.0431066764,0.0132015615,48.892772,26.905291,36.76600003
0.4252531153,0.1561831966,0.0584506484,0.0122263319,65.977184,20.754763,27.93899989
0.5970880833,0.1366414941,0.0491213050,0.0130063487,51.837216,47.529098,41.40199995
0.5935285773,0.1759503902,0.0414318780,0.0160914852,53.211112,55.905183,40.15799999
0.5761579472,0.1771308086,0.0584273172,0.0168872800,45.672336,54.954667,39.12600017
0.4363908200,0.1413241216,0.0585691641,0.0165549468,43.717712,30.609542,33.43499994
0.4275719294,0.1733985471,0.0589122444,0.0134120560,67.028188,22.233856,27.82800007
0.5416870008,0.1001279225,0.0482753061,0.0172493074,33.703392,52.888323,42.10200000
0.4333075525,0.1471114441,0.0574687277,0.0120998243,62.338604,21.800036,31.63199997
0.4098782789,0.1215437397,0.0513752691,0.0180156446,38.204488,29.923490,25.76500010
0.4394751016,0.1848063126,0.0434050066,0.0180131699,59.324056,31.007951,29.05999994
0.4531744840,0.1722348070,0.0499534004,0.0184463067,49.046216,35.110112,32.40999985
0.4699737751,0.1541256167,0.0429314010,0.0182713290,45.933976,38.975937,33.15600014
0.5061281593,0.1437682173,0.0412683529,0.0100703536,77.185504,25.652297,32.91699982
0.4756548234,0.1029791274,0.0542959324,0.0145241663,39.968216,33.925185,35.33999991
0.4298951757,0.1488114733,0.0466402421,0.0110700804,74.592216,19.503531,28.54299998
0.5751650723,0.1019150949,0.0569160455,0.0131812729,41.950952,45.714398,43.44600010
0.5678364601,0.1233189413,0.0577732502,0.0114984610,52.947496,38.241895,40.10200000
0.5235599299,0.1219738851,0.0588627918,0.0135152498,45.224336,37.948038,36.58700013
0.4680333281,0.1657581188,0.0582264090,0.0176344173,45.693296,36.625198,32.16199994
0.5951173403,0.1844263563,0.0585860854,0.0112279839,69.696976,38.911612,38.55599999
0.4849477440,0.1075890059,0.0580409026,0.0171223349,33.987808,41.481871,36.56800008
0.5175490431,0.1035216166,0.0422885807,0.0173849646,35.829456,48.352105,37.73699999
0.4928688333,0.1422243696,0.0515662110,0.0181264738,39.655348,43.707199,37.27899981
0.4705459605,0.1914631684,0.0548625687,0.0187232458,51.535596,37.490190,33.92000008
0.4727635069,0.1266053142,0.0413490463,0.0184019991,39.337256,41.307116,34.67000008
0.5666240817,0.1983615654,0.0546199987,0.0138742731,63.593620,42.308796,38.93499994
0.5715441462,0.1446538270,0.0441544278,0.0165190005,44.464900,54.619890,40.71999979
0.4739240824,0.1651284002,0.0512220906,0.0130934376,63.974816,27.984823,31.69400001
0.4837341415,0.1812178832,0.0478566473,0.0193834120,48.103440,42.213643,33.23699999
0.5786140188,0.1972711245,0.0419004549,0.0126503077,75.373720,40.475350,36.33499980
0.5675833794,0.1767256945,0.0484113497,0.0143016663,57.936496,45.012439,43.93400002
0.4703338230,0.1234824883,0.0563681788,0.0162664780,39.435556,36.303473,29.03099990
0.4143064405,0.1692884408,0.0415234285,0.0197034730,51.759296,30.506920,29.19800019
0.4023924712,0.1751937684,0.0491608142,0.0175699210,58.606056,24.999385,26.91400003
0.4475101518,0.1599208112,0.0586650590,0.0131573793,60.572588,24.928442,25.42599988
0.4171891137,0.1008837930,0.0515814503,0.0111017685,54.179160,19.716232,28.35800004
0.4578247647,0.1177699676,0.0461690613,0.0153920639,43.613876,32.613703,26.72399998
0.5434090015,0.1366193549,0.0545577339,0.0143000550,46.642280,42.821321,41.67700005
0.4521663499,0.1564998463,0.0413277333,0.0166416458,52.919896,32.410444,27.90599990
0.4934418829,0.1756191175,0.0478546745,0.0121551970,73.252992,27.979442,33.01799989
0.4630223569,0.1205222045,0.0524624690,0.0131617214,49.494612,28.493960,29.27099991
0.4441727750,0.1399575157,0.0587752908,0.0110002761,64.499664,21.199524,33.82799983
0.5912796198,0.1447289669,0.0457572326,0.0144420955,49.800928,51.333502,42.85800004
0.5319048304,0.1153782866,0.0402575508,0.0137593448,48.526788,40.116067,41.77500010
0.5423084428,0.1391831671,0.0570004194,0.0120242647,55.389692,35.767094,35.43400002
0.4283935528,0.1815707575,0.0503701553,0.0160586438,63.032240,26.205359,29.79600000
0.5022395784,0.1603759416,0.0535972756,0.0144998269,53.538636,35.569798,33.03100014
0.5373980014,0.1896456653,0.0461626466,0.0153195653,60.473740,41.906904,38.02900004
0.5653356678,0.1091256139,0.0494775001,0.0178355755,33.640432,59.370899,40.70499992
0.5561834988,0.1961680608,0.0526620322,0.0155629375,57.416608,45.625801,38.45400000
0.5748554088,0.1520796893,0.0453515095,0.0195132353,38.563064,64.860754,36.85800004
0.4133965101,0.1213572029,0.0532939065,0.0170029155,39.767660,28.789492,28.08699989
0.4985142743,0.1301625885,0.0561618914,0.0189295586,34.664916,47.481231,34.91499996
0.4932250723,0.1703558484,0.0415511478,0.0174744067,52.017784,40.503927,32.73899984
0.4015027651,0.1548318193,0.0596397447,0.0193216153,42.624060,28.795870,29.03400016
0.5243470528,0.1662768566,0.0455215357,0.0139689664,59.736696,37.374733,35.49900007
0.4449267243,0.1098750239,0.0495007976,0.0182999164,34.576816,36.842520,32.77999997
0.5855626450,0.1614771778,0.0571448157,0.0138818797,51.659288,47.602393,47.77100015
0.5299133833,0.1362408382,0.0568049748,0.0188502777,35.111516,53.529932,35.51999998
0.4642077587,0.1332923971,0.0528713722,0.0133776700,52.048960,28.653314,30.93599987
0.5145166868,0.1305008289,0.0474574810,0.0196613145,34.970836,52.699147,34.62599993
0.4854867152,0.1121660724,0.0576138047,0.0196786141,30.338468,47.570046,31.25799990
0.5473271742,0.1411486492,0.0435033897,0.0162777662,45.215496,49.232797,37.90299988
0.5094421599,0.1951935261,0.0561009467,0.0156010574,59.013852,37.422993,33.04000020
0.5152677582,0.1624724877,0.0468203462,0.0112080295,72.739888,28.999646,37.96800017
0.4577998816,0.1708113315,0.0559824663,0.0195534304,43.675160,38.239262,31.73300004
0.4598387475,0.1265979250,0.0500658400,0.0169972700,40.401640,35.972948,32.40000010
0.5554887859,0.1811133011,0.0581936125,0.0169682435,47.180512,50.669197,34.19000006
0.5996095743,0.1946465291,0.0441007759,0.0196934758,46.221516,68.499164,45.89899993
0.4601708390,0.1099332228,0.0443831156,0.0182368244,35.657156,39.410178,26.92400002
0.5816038974,0.1243238573,0.0515795770,0.0112997052,55.901672,39.463974,46.00500011
0.5824986018,0.1846248741,0.0572025282,0.0143511916,55.788532,47.415493,42.51900005
0.4566596145,0.1921014588,0.0578952567,0.0121247530,80.437584,22.569342,28.32400012
0.4830614899,0.1686515885,0.0541900458,0.0137266476,60.256512,30.470145,27.37599993
0.4894103923,0.1591209076,0.0508035463,0.0102528906,77.769352,23.780299,39.47499990
0.5382399186,0.1434688732,0.0413574530,0.0111053902,68.424656,32.321664,39.55699992
0.5144630483,0.1051906434,0.0465601375,0.0182878979,33.147972,50.181657,37.18299985
0.5776945143,0.1875700295,0.0461484171,0.0125874268,69.939328,40.648062,39.69199991
0.4750867208,0.1107040039,0.0496500911,0.0150334381,41.566172,34.742203,33.45900011
0.5983151632,0.1420163333,0.0513685486,0.0197753219,34.297020,72.268709,46.92400002
0.4181272376,0.1331455776,0.0410629700,0.0129726910,61.035640,22.061573,30.45999980
0.4303664394,0.1628122473,0.0483198254,0.0152589713,58.676992,26.237065,29.72900009
0.4596654659,0.1425936247,0.0483232095,0.0131367231,57.789864,27.163770,30.93000007
0.5450667661,0.1828992875,0.0529020905,0.0137221037,61.425720,39.160952,35.84200001
0.4710638559,0.1154662407,0.0470806128,0.0159167295,41.035448,35.934872,29.62199998
0.4781601961,0.1167133114,0.0558336770,0.0188597954,32.874074,43.931802,33.01300001
0.5257363662,0.1927633941,0.0418824724,0.0189986466,52.019860,49.165997,34.81699991
0.4551162843,0.1789727869,0.0417808563,0.0180580735,55.859552,34.222239,31.66899991
0.5713178310,0.1724668543,0.0479644264,0.0188514140,43.102276,60.498937,36.49900007
0.4322943221,0.1618623491,0.0539515214,0.0124219431,68.520568,21.640007,30.11999989
0.5197887280,0.1686313803,0.0494132998,0.0104765060,78.551800,27.411693,36.99199986
0.4123397605,0.1514629479,0.0547654392,0.0152796664,53.286064,24.377919,32.36599994
0.5767066871,0.1306210439,0.0587096017,0.0167383924,37.303560,57.173313,42.58200002
0.5395355678,0.1869602483,0.0536053518,0.0108612911,79.382976,30.118583,35.21499991
0.4304739870,0.1476805475,0.0574203375,0.0157508582,48.269516,27.932941,31.68099999
0.4754109159,0.1017663450,0.0597186198,0.0126509145,44.382904,29.570051,33.17000008
0.4735275308,0.1350361102,0.0495997879,0.0152722075,46.559128,34.063627,31.67199993
0.4961557543,0.1548389386,0.0532781672,0.0102978509,73.722512,24.779612,32.63599992
0.4621937367,0.1275184598,0.0422467967,0.0162367454,44.862208,34.675960,33.81599998
0.4528900987,0.1089077933,0.0432344701,0.0112557281,58.161652,23.540415,30.90199995
0.5701663022,0.1664128128,0.0443591193,0.0117276010,69.385360,37.721144,45.61100006
0.5233890940,0.1753479493,0.0565839036,0.0175206384,46.194556,46.146987,38.48900008
0.4020363024,0.1343019714,0.0598592311,0.0115636675,61.910056,18.029414,32.14000010
0.4101771695,0.1336541441,0.0557765976,0.0148493080,48.684636,24.224192,32.70499992
0.4093296767,0.1039604393,0.0418133502,0.0114662475,57.545536,19.456808,30.49400020
0.5449675936,0.1502004439,0.0470694348,0.0181086254,41.289780,53.764031,37.79299998
0.4377927603,0.1452699154,0.0518365231,0.0154888785,49.874980,28.627576,26.43899989
0.4100959857,0.1697025936,0.0449838693,0.0150410724,66.643092,22.711888,26.01999998
0.4814226068,0.1244373455,0.0418875483,0.0134304946,52.755076,31.426333,34.69499993
0.4104200149,0.1833784977,0.0402093082,0.0197090065,58.836988,28.770615,30.01300001
0.4581740952,0.1410318716,0.0420340980,0.0109727548,72.142720,22.564998,28.41499996
0.4091539528,0.1007079662,0.0517739246,0.0142096841,42.467848,24.222868,27.16400003
0.5112005595,0.1988545227,0.0410864878,0.0140443707,74.731072,33.694801,34.94499993
0.4596778091,0.1108248867,0.0556745658,0.0133678147,45.423440,28.829251,36.12999988
0.4527368557,0.1821113286,0.0560247289,0.0183276627,50.800560,34.140419,29.04099989
0.4944181248,0.1779858214,0.0566830901,0.0112610193,75.002856,25.960774,27.07499981
0.5553920827,0.1718244341,0.0421076367,0.0197552120,43.470324,59.594088,38.44400001
0.4699324698,0.1728346051,0.0517251860,0.0189135129,46.258096,39.124872,30.13300014
0.4032111476,0.1152846184,0.0598779620,0.0106486972,59.455504,17.257573,29.52999997
0.4026404371,0.1713707474,0.0494061513,0.0149230511,66.959288,21.479828,28.04099989
0.5482220188,0.1888943795,0.0470261849,0.0118094669,76.649520,33.842171,37.04800010
0.5277697633,0.1370962792,0.0454838960,0.0127271628,56.107892,35.763920,36.67999983
0.5229215040,0.1894098980,0.0483591961,0.0108323133,85.384736,27.851878,36.08699989
0.5965847602,0.1519558535,0.0496757117,0.0157179955,45.672040,56.588014,38.44299984
0.4995963009,0.1774488893,0.0467680647,0.0137327469,65.510704,32.418067,38.48299980
0.5526476039,0.1601210668,0.0436839468,0.0106323590,75.553528,32.174087,42.17599988
0.5487142623,0.1280233405,0.0558034350,0.0104955466,60.446940,32.346739,41.16600013
0.5427688015,0.1685589812,0.0454266000,0.0174666082,47.623220,50.296668,32.11899996
0.5076056143,0.1103978178,0.0469793948,0.0185419245,33.715252,49.252057,36.16599989
0.5860621966,0.1034750772,0.0400788729,0.0193614337,32.111344,69.653735,41.08699989
0.5922245243,0.1863886179,0.0555697560,0.0180566830,44.800600,61.750968,40.83500004
0.5237320976,0.1263651469,0.0490211273,0.0179012956,37.008088,50.043124,34.11900020
0.4111470735,0.1745436003,0.0497709854,0.0148887794,67.146040,22.368410,30.56399989
0.4548407612,0.1812987405,0.0422264529,0.0137322480,74.414888,25.864005,32.56900001
0.4386075952,0.1129403271,0.0502423144,0.0186998395,34.373408,36.385371,27.66499996
0.5759206427,0.1662249091,0.0478129508,0.0193234355,40.741152,63.556329,38.28399992
0.5976403179,0.1764190384,0.0537329680,0.0115485360,67.477368,40.743636,39.19300008
0.5260717750,0.1096519487,0.0447777026,0.0197563885,31.802606,56.576549,35.36300015
0.5501930178,0.1606168982,0.0556191467,0.0127976581,57.714152,38.365423,42.10299993
0.4469958842,0.1635189148,0.0494541744,0.0127919458,68.015336,23.982222,32.53800011
0.5162534563,0.1048611678,0.0455681051,0.0152132389,40.209580,42.056203,37.17400002
0.4358603431,0.1684302471,0.0581080742,0.0152749432,56.231100,26.779498,28.54600000
0.5263158389,0.1210255740,0.0526835012,0.0138040867,45.655800,39.202689,44.26600003
0.4900353799,0.1598905031,0.0568220329,0.0130208809,58.884392,30.271413,35.72899985
0.4111162424,0.1622573016,0.0462876370,0.0169096825,55.373976,26.142511,33.41599989
0.5279942269,0.1959403550,0.0404452565,0.0177492744,57.121964,46.147268,68.22099996
0.5740876822,0.1252552002,0.0569904704,0.0176561782,34.850764,59.987147,40.08400011
0.4306589475,0.1930609486,0.0545539244,0.0122541776,86.731872,19.697358,29.45499992
0.5517737647,0.1246818487,0.0535930705,0.0118692476,53.164164,37.113608,47.39599991
0.5060942365,0.1669128250,0.0425951258,0.0133047467,65.509704,32.856566,31.45100021
0.5711012761,0.1653034494,0.0554022712,0.0191190774,38.995812,61.840532,40.93599987
0.4267349737,0.1298498431,0.0451949061,0.0178482748,41.695936,31.936722,39.29500008
0.4445176523,0.1368537161,0.0419575515,0.0131685782,59.490744,25.492310,30.98399997
0.5130694208,0.1437100511,0.0597129589,0.0134336172,50.701124,35.306377,34.06700015
0.5018242400,0.1111700204,0.0583380121,0.0152446676,38.517920,39.546968,38.55500007
0.4310030228,0.1491333063,0.0424658820,0.0141940974,60.254644,25.126768,27.97300005
0.5345883148,0.1038441608,0.0408685988,0.0169182784,37.009520,50.312973,36.94099998
0.5575238073,0.1433779087,0.0521810846,0.0127960808,54.271388,40.196162,40.97499990
0.5514720616,0.1649219617,0.0568893179,0.0173817532,43.044852,52.115025,35.17000008
0.5279314911,0.1728557625,0.0407364032,0.0128791598,69.406232,34.660879,37.77200007
0.5811945064,0.1772709238,0.0537946140,0.0153972983,51.385408,51.048472,40.13899994
0.5902158875,0.1392102268,0.0541300518,0.0121415710,54.421256,43.220646,42.54399991
0.4841148489,0.1663923077,0.0444745162,0.0177095355,49.533628,39.611571,32.24900007
0.4257817209,0.1664591529,0.0573990378,0.0171535824,50.686872,28.583278,23.90900016
0.4831763149,0.1392988319,0.0533027334,0.0129245084,54.601396,29.963935,37.10899997
0.4429743080,0.1532215281,0.0478386604,0.0139601210,59.330872,26.119354,35.22099996
0.5479217874,0.1366488565,0.0429653920,0.0139359507,51.598656,42.434532,35.71600008
0.4443889880,0.1824672341,0.0498929367,0.0166145217,59.431708,29.557103,27.75199986
0.4846262034,0.1816664323,0.0527884421,0.0154831146,58.124252,33.854528,34.38100004
0.5533180439,0.1376158330,0.0471873859,0.0133199686,52.492260,41.387358,39.60299993
0.4485233984,0.1570976657,0.0432272235,0.0138765206,62.979760,26.510556,26.95400000
0.4220108790,0.1363090837,0.0449476277,0.0141464391,55.188108,24.436884,25.21099997
0.5986742456,0.1192668661,0.0454621416,0.0195306886,32.813392,72.693260,46.04099989
0.5730719155,0.1525866457,0.0488207050,0.0111019795,66.165296,36.646685,43.10500002
0.5147179423,0.1457933081,0.0567822555,0.0178442167,39.070852,47.094539,36.24000001
0.4207127543,0.1251676220,0.0464341039,0.0117066226,61.339080,20.455988,29.56100011
0.5781373240,0.1490129058,0.0407400351,0.0159828502,48.048292,53.923840,41.01899981
0.5305611788,0.1437881717,0.0507928822,0.0108483985,65.687596,30.623259,37.76800013
0.4488091763,0.1032740260,0.0454300027,0.0162753467,38.362456,33.609182,29.31699991
0.4478966047,0.1538369634,0.0525625243,0.0194801847,40.973484,37.351606,28.95200014
0.4736893002,0.1917300237,0.0477155588,0.0169850850,59.580308,34.506649,23.88100004
0.4243544611,0.1583600017,0.0516146044,0.0134762783,63.360920,22.642327,30.76800013
0.5207759815,0.1950133830,0.0540488730,0.0167930963,54.649600,42.404023,32.70300007
0.5746304890,0.1793986314,0.0483934621,0.0114382710,72.991424,36.877034,42.06700015
0.5860034436,0.1397256150,0.0414273548,0.0164808556,44.214168,57.713435,45.97399998
0.5128753417,0.1018383922,0.0427987997,0.0100342631,61.369700,27.424464,37.83599997
0.4762534651,0.1041396242,0.0546143665,0.0135298305,43.156568,31.651874,37.60600019
0.5165698439,0.1028065774,0.0407920073,0.0172411697,36.322748,47.786124,36.33700013
0.5195972105,0.1506503077,0.0430567202,0.0106045825,74.249184,28.367076,38.51399994
0.5338506678,0.1209791678,0.0554319934,0.0119526837,51.698440,34.985695,40.96499991
0.5718350886,0.1674565716,0.0456802797,0.0135843372,59.487864,43.925442,40.63199997
0.5979806966,0.1693124361,0.0473639021,0.0189105695,41.782304,67.273838,42.34100008
0.5705016702,0.1897530995,0.0422687295,0.0156214676,59.134836,48.901018,39.78800011
0.4751362141,0.1688312898,0.0543917949,0.0108734966,76.765808,23.238417,36.50399995
0.5239447819,0.1467265794,0.0439681032,0.0101066555,75.508072,27.659557,35.99200010
0.4551078136,0.1299752261,0.0586297150,0.0144586408,45.906788,29.820169,33.02500010
0.4594790388,0.1393543422,0.0401115663,0.0140708217,56.531884,29.184343,33.39100003
0.4970940047,0.1082056181,0.0512725993,0.0126408751,47.808840,32.213350,37.86400008
0.4583963716,0.1714232602,0.0592274000,0.0152857454,55.008524,29.962144,140.19300008
0.4931460103,0.1526949794,0.0440875041,0.0113754206,70.857208,27.064162,31.75600004
0.4499071173,0.1382507213,0.0468887783,0.0124072885,60.801900,24.625610,32.51600003
0.4295807806,0.1415294050,0.0565878603,0.0120253996,61.514752,21.454752,30.13700008
0.5839129072,0.1927418030,0.0467629747,0.0142312559,62.759744,46.766198,42.63400006
0.4961177881,0.1619758442,0.0467701373,0.0120267332,68.848624,28.623072,27.42799997
0.4022518024,0.1012218064,0.0462292329,0.0116515736,54.026480,19.129651,25.03299999
0.5254825934,0.1905943282,0.0439280355,0.0116902897,82.293832,30.328990,27.24799991
0.4326376699,0.1064054104,0.0415646575,0.0164506188,40.087992,31.309132,26.38700008
0.5140181985,0.1502661110,0.0501227603,0.0170838015,43.654232,44.682318,36.31100011
0.4037774610,0.1180453060,0.0505282335,0.0199358047,34.127356,32.220527,25.00600004
0.5209651527,0.1765011026,0.0488600908,0.0111144088,77.434912,28.900299,29.13399982
0.5706072300,0.1423794736,0.0571011950,0.0105722994,63.002372,34.941666,35.43800020
0.5601809813,0.1976805138,0.0436698536,0.0129677239,74.207088,38.532963,37.05999994
0.4854025592,0.1481021566,0.0448787225,0.0151714843,51.798152,35.082952,31.36199999
0.4291932235,0.1105185992,0.0450728393,0.0161890200,40.878796,30.147632,29.81100011
0.5849357972,0.1454723138,0.0494970347,0.0123774708,56.699960,42.978853,35.69900012
0.5091909763,0.1511267145,0.0516628625,0.0100289601,74.456376,25.671096,32.83699989
0.5060326835,0.1011803505,0.0504784017,0.0154881452,37.671100,41.212205,33.51200008
0.4246271638,0.1077391685,0.0585017349,0.0150644770,39.844276,27.566451,24.93599987
0.4414503386,0.1549886214,0.0431846178,0.0187982362,46.326752,34.768788,33.36399984
0.4434123295,0.1574273523,0.0457609597,0.0166082885,51.839228,30.901872,25.01999998
0.4966802830,0.1010310979,0.0463920913,0.0181215745,32.976006,46.373393,37.56500006
0.5931706189,0.1675741827,0.0405786952,0.0181186095,45.799416,63.424834,38.43400002
0.4252984117,0.1643942186,0.0401034552,0.0186332124,52.349784,31.030689,31.19700003
0.4584549560,0.1549936780,0.0405189728,0.0155164860,56.187992,31.255022,30.35599995
0.5418244530,0.1092570845,0.0424732056,0.0129682203,48.792596,39.499340,36.80100012
0.5494617461,0.1719035595,0.0573221725,0.0197544471,39.144664,58.257351,34.63499999
0.5090565992,0.1252958573,0.0400510523,0.0164812492,43.167620,43.392907,33.44799995
0.4173311322,0.1076550040,0.0491678887,0.0150589622,42.240684,26.525161,29.86800003
0.4555239855,0.1533580586,0.0512989976,0.0121118231,65.573028,24.140317,26.30900002
0.4950955489,0.1475051176,0.0414033393,0.0107330196,74.493592,25.933991,30.18899989
0.5406530057,0.1848512389,0.0479452726,0.0172717746,51.372396,48.243405,38.02500010
0.5104444245,0.1534684859,0.0452814530,0.0143610074,55.020728,36.826826,30.98600006
0.5208729436,0.1378635627,0.0517812137,0.0169512199,40.632212,46.295118,32.08800006
0.5512636931,0.1312052940,0.0419159419,0.0108428922,65.274280,33.614938,39.70500016
0.4248100884,0.1459590036,0.0560820827,0.0170866969,44.689244,29.495280,24.23099995
0.4135347944,0.1246016208,0.0495233268,0.0141171785,50.177896,23.786419,20.02999997
0.4327132206,0.1489548526,0.0595215698,0.0176516807,42.910100,31.610375,30.38300014
0.4159743369,0.1780185254,0.0509274912,0.0125263887,80.475656,19.197029,26.10100007
0.5057396754,0.1582641678,0.0596142096,0.0112976325,65.241488,28.244844,32.39899993
0.4461907143,0.1047990926,0.0577341115,0.0144882782,40.402908,29.545092,25.21900010
0.5596234369,0.1651691977,0.0471404063,0.0191744814,41.513260,59.303675,38.16599989
0.5536950637,0.1445321719,0.0494314112,0.0142681458,49.763580,44.104278,35.50500011
0.4197636649,0.1674718682,0.0495183523,0.0172316674,54.175024,27.669819,22.16299987
0.5221446116,0.1774214267,0.0474786777,0.0151910324,57.454036,39.644284,33.40799999
0.4219622139,0.1578956215,0.0441793301,0.0102552451,88.387856,17.005570,24.50900006
0.4478772190,0.1991578879,0.0455722114,0.0153304461,74.620112,26.718805,26.20499992
0.4796015257,0.1103306362,0.0454770236,0.0105045010,60.892440,24.764539,29.03600001
0.4162787474,0.1656451378,0.0462784380,0.0157363280,60.372044,24.865608,25.30599999
0.5978012157,0.1863636627,0.0402490258,0.0127678492,70.784456,44.536956,37.18799996
0.5189844759,0.1600971605,0.0535050242,0.0150347934,50.852392,39.672970,36.71600008
0.4248496285,0.1892867972,0.0523014923,0.0181769565,58.699224,28.515124,30.08399987
0.4901086788,0.1619159636,0.0584558342,0.0126981835,60.656716,29.447201,28.41100001
0.5129174740,0.1214855279,0.0476770163,0.0189404103,34.619608,50.896384,36.07599998
0.4272528180,0.1088527484,0.0547871166,0.0118830245,51.761156,21.989230,27.87699986
0.4282032488,0.1457824401,0.0495334808,0.0135651476,58.388412,23.826179,21.42599988
0.5846361118,0.1262389405,0.0419875928,0.0125596588,54.309044,44.252798,32.31499982
0.5445026290,0.1629531469,0.0499547189,0.0166391590,46.875644,48.603335,31.00800014
0.4544564430,0.1521393213,0.0592219614,0.0113131383,66.453908,22.498201,22.01800013
0.4750263484,0.1105584055,0.0428341702,0.0151419062,43.182828,34.966638,31.19499993
0.4281864005,0.1666813949,0.0416342382,0.0179570556,54.217544,30.241034,22.25000000
0.4136286348,0.1000874876,0.0579670447,0.0168595902,34.404348,29.459710,25.56800008
0.4041976044,0.1001378115,0.0583190143,0.0169062463,34.468788,28.132712,26.19199991
0.5574668829,0.1691794152,0.0428450836,0.0173712726,48.437584,53.007556,35.67799997
0.4625366886,0.1388043522,0.0513709480,0.0106282338,68.146056,22.410594,28.04600000
0.5296634635,0.1501198115,0.0440609527,0.0115348274,67.056460,32.193469,33.32200003
0.4608163385,0.1031706534,0.0480684911,0.0133065964,45.761196,29.058897,25.63599992
0.5301188997,0.1744084148,0.0442751610,0.0116521404,75.064576,31.590201,34.12800002
0.5291573412,0.1766042747,0.0475294647,0.0178287546,48.390484,48.003472,30.04600000
0.4675774326,0.1706198215,0.0462374846,0.0127263346,71.035848,26.111185,25.72200012
0.4030616396,0.1611694754,0.0541753501,0.0114236421,77.913136,16.916354,18.51399994
0.5839039935,0.1919626499,0.0552902120,0.0176426822,47.492096,58.067408,42.71899986
0.4607288450,0.1346380433,0.0400553613,0.0102363595,75.525984,21.501168,30.01600003
0.4328373926,0.1499226835,0.0481768120,0.0119591089,68.527208,21.358855,27.02800012
0.4192296529,0.1791331337,0.0498863231,0.0165936087,61.235352,25.842023,22.74100018
0.4248601489,0.1704025495,0.0447407741,0.0116733818,83.994840,19.150252,22.04200006
0.4649178856,0.1837497817,0.0448397248,0.0173078875,57.711692,34.172940,29.02600002
0.5143215629,0.1417772066,0.0555638563,0.0150634325,45.812740,39.872231,28.65300012
0.4469781616,0.1641312060,0.0419745702,0.0154181990,60.104628,28.845416,23.49600005
0.4498566918,0.1710738562,0.0534148708,0.0172449402,51.212228,32.353997,25.45800018
0.4469278926,0.1983407893,0.0576915579,0.0174658292,59.645260,30.392169,23.22000003
0.5985315603,0.1687857498,0.0530260372,0.0143315523,52.755472,51.132570,41.47700000
0.5711903255,0.1170164312,0.0567505994,0.0124959368,47.568796,42.275907,38.05999994
0.4100335101,0.1186247876,0.0546691650,0.0103878762,63.668508,17.355314,21.08800006
0.5440746170,0.1106620455,0.0435100765,0.0147437405,43.073732,45.250244,36.81500006
0.4292999778,0.1876488924,0.0576323304,0.0133254646,75.368256,21.558349,25.24300003
0.4539620702,0.1616582739,0.0400051939,0.0104116699,88.085720,20.273077,25.40299988
0.5172335141,0.1520679121,0.0530150423,0.0171669897,42.911804,45.425527,31.62599993
0.4705750110,0.1126307051,0.0471854371,0.0164048418,39.192084,37.070284,25.68899989
0.4512265147,0.1500485331,0.0492296716,0.0130097384,61.165100,25.517272,24.13800001
0.5591901680,0.1765175784,0.0489983293,0.0126108382,65.828312,38.414435,33.49000001
0.4362863134,0.1585062111,0.0413299588,0.0113614199,80.269928,20.318213,28.85600019
0.4680405141,0.1375975827,0.0506045542,0.0122428438,58.760076,26.534241,29.24300003
0.5481809916,0.1406886385,0.0547538171,0.0194031823,34.844896,58.958641,36.42500019
0.5377397806,0.1242216450,0.0571938227,0.0137495480,45.172656,40.752265,54.18099999
0.4018285120,0.1230869436,0.0572836176,0.0167535185,40.362260,26.601496,41.74700022
0.4864433878,0.1080047207,0.0426368965,0.0177136839,36.270796,43.111645,30.90400004
0.5595224534,0.1006991518,0.0514087746,0.0130396479,43.672040,42.740262,34.75200009
0.4660825891,0.1865942820,0.0421722421,0.0151070969,68.696848,29.824582,32.51999998
0.4018387865,0.1462779638,0.0527008066,0.0127482282,63.470696,19.368007,23.25600004
0.4262368171,0.1036609726,0.0462312160,0.0139260598,45.233544,25.777439,26.04999995
0.5413089022,0.1013138905,0.0443953228,0.0140304674,42.904560,42.909055,41.44600010
0.5598577475,0.1421273031,0.0478880692,0.0174040066,40.747492,55.210953,35.72900009
0.5774640316,0.1889485649,0.0597305780,0.0165810063,48.661528,53.459004,33.74000001
0.4042842713,0.1506671845,0.0499340155,0.0129045141,65.630416,19.690054,23.02800012
0.5873505080,0.1995947998,0.0422862774,0.0174267740,54.738216,57.502843,34.99099994
0.4626632905,0.1935242118,0.0521472888,0.0155209962,65.367280,29.701664,26.64999986
0.5772270009,0.1805405585,0.0506743841,0.0156990772,52.480608,51.059517,38.57099986
0.5921702382,0.1606639940,0.0595231337,0.0152286528,46.085416,53.553392,38.68499994
0.4307925951,0.1710510777,0.0492414321,0.0168842486,55.691396,28.600510,25.75499988
0.5304882034,0.1178164215,0.0482278571,0.0106172302,60.123852,30.734659,38.23100019
0.4065949692,0.1276471111,0.0531010165,0.0141614897,50.102632,22.885147,27.56800008
0.4731450147,0.1380251534,0.0400566070,0.0167776141,46.516088,37.174556,27.64400005
0.4896298369,0.1458543608,0.0561902622,0.0105970210,67.317016,25.080263,30.62999988
0.4782033106,0.1340333423,0.0407680791,0.0171449589,44.098464,39.082921,26.79200006
0.5116651472,0.1846072999,0.0447258903,0.0106709301,88.047544,26.293461,32.16700006
0.4182152862,0.1155585490,0.0576591754,0.0178625072,35.507032,31.303116,26.78299999
0.5458235350,0.1599358388,0.0583572466,0.0100205993,72.299040,29.552819,33.42000008
0.4127855506,0.1841566716,0.0576612120,0.0132666762,76.713888,19.656847,28.43400002
0.4895271803,0.1131617768,0.0557039248,0.0132855982,45.578364,32.642308,30.92100000
0.5557818255,0.1764467051,0.0501441229,0.0123673309,66.734292,37.171691,32.81099987
0.4981508852,0.1858365816,0.0529580817,0.0151463788,59.671424,35.042451,32.98000002
0.4786906302,0.1084166632,0.0581872235,0.0188004890,31.158324,44.287655,29.78299999
0.5328723559,0.1479312420,0.0470237914,0.0131863544,56.492796,37.389557,36.53800011
0.4931730996,0.1229415614,0.0492585415,0.0101802395,64.834340,25.136625,35.20600009
